name,3di,amino_acid
T1104-D1,dddvvllvvllvlqcvlavphldpcsllvspvvpddpvlqvqlcvlfvddrdpaeddgdvlvvlvvpadlpqlqvcsvvsvsssnscrqlvvcvvvpvpgdsnssssvsssssnrhd,QLEDSEVEAVAKGLEEMYANGVTEDNFKNYVKNNFAQQEISSVEEELNVNISDSCVANKIKDEFFAMISISAIVKAAQKKAWKELAVTVLRFAKANGLKTNAIIVAGQLALWAVQCG
T1106s1-D1,dvvvvvvvvvvvdppddqdddcsvvvvlvclvvqlvvlcpdpdpvsvvvsvvsvccnvvvvvvvvvvvvvd,TAQSKRSLWDFASPGYTFHGLHRAQDYRRELDTLQSLLTTSQSSELQAAAALLKCQQDDDRLLQIILNLLH
T1106s2-D1,ddaadpvrlvvllvqllvclvvlnlvsnlvslvvscvrcvpslsslvsnlvsclsvlnlvvslvslvvncvvcvlplvslvsnlsscvsvvnnvssvvsvvssvvrddppd,NITLTKRQQEFLLLNGWLQLQCGHAERACILLDALLTLNPEHLAGRRCRLVALLNNNQGERAEKEAQWLISHDPLQAGNWLCLSRAQQLNGDLDKARHAYQHYLELKDHNE
T1109-D1,daaaqaaaeeadaffaplqrcllqvlqvllqvlfdnhrydhfqeyqdqdwhaynvgdtdgggyhlvrcvppvpdpdnaqeyeftdgdpvrlvvllvddprlvsllvrlvryqaryyeacsqlsclsscnqqqheeehapvclvvqvvrprhnrddddplwddgvryiygydsvssnvsslvvscvrrndvssvsscvvvpvpcpdddddddpvd,PRPPFHITIPIYPGVDLLDVAAPVELFSWMADAWKARATTITLAAEHLTPLKTRDGLTLTPQRQFADYADAAAPQPQTHLLWVPGGAPDVLRKLMRGGPYLDFLKAQSAGADHVSSVCEGALLLAAAGLLDGYRATTHWAFIPCLQQFPAIKVAEGFPRYVIDGNRITGGGISSGLAEALAIVARVAGQDIAKHVQMITQYFPTIVPATHCPLQ
T1119-D1,dvvvvvvvvvvvvvvvvlvpadpvrnvvvvvvvvvvvvvvvvvvvvvd,DEQRRELEEKIKWKLAELASKSEEERKEIKLRVIAYVLVQLEDLQKNL
T1120-D1,dadwqddvpdtfqaapvgwtqqvslcvlqvnpddsvrvcvvlvfdadwgcsppdtggthhvvrslvslvvhddpssvvsvvsvvvlvvcvvvppvvsvvvvqvsdppvvsvvvsvvvd,APLTLNFGSVRLPVSADGLLHAPTAQQQLGLTQSWEAALVEHGLPETYRDFGAGPEAAVSVPDFVALAFALDTPEARRWQKRARELLARAMQGDVRVAAQIAERNPEPDARRWLAARL
T1120-D2,ddpcllvlllvlcvvladddclsvllcqllccllqvdgqvrscvvqvhpdsvrsadpvssvlssvlsnqlsvqsvvvsfhdsvrsnvssnvssnvsscvvcvvvvhpddd,ESTGARRELLATVARHGGEGRVYGQLGSISNRTVLGKDSASVRQERGVKATRDGLTSAELLRLAYIDTVTARAIQESEARGNAAILTLHEQVARSERQSWERAGQVQRVG
T1121-D1,dqlvvvlvvllvlcvdlvslcllpvppvspddkdfdddddpcccvvcvvsvvvrvvsvvpddlddfdwdcppptdttmriqgdvssslssnpdpvsvvlcvllvllqvqadplcnsvcrnpvvlcvpddsvllsvlsvvlvvadfqrcvqhdpqvvdpdqnpdcscvvcvvvnqssncsvpvhqsvvcpvcrrnnd,KSPTDIGRNLARQWQRSSVRLERLLNPGSWPQSLNIGKPSARLFTDNIQAVLRHVENWRSVNVGKVDWEPVPISLPMRWHLRSPSEWIAASDDPRVSQEYAQLEYLVEQVDSAFHTLLVAQRSLWLTRTPEEVVATAQLATQLAPGCAQGRPLRLLAEHGVDTKFFERNATLLTKLLDERFEGAASEQGLTTFLDA
T1121-D2,ddlfpqkwkkadqappqdpdgididtlnrllpdahtfaeeeaeqaqpcvvlddrhahrymyggncplpqlscqhpnnpnghyeheywaalvslvsqqvncvspvryhyfqhdpvncvvppcddpafdhradprrsvsnvvlvvvppsgdgpnnddspvsnvrvvvsrd,FEESSHWVLVVPLQPGLLPFKRLRLTTSELAETPLPGSRLLVVENEQCVHLLPETLPDTLAVLGAGLDLHWLASAHLAGKQIGYWGDMDTWGLLMLARARLHQPAVEALLMEQELFEQHSQALESAPPGLLADEADFYRYLLVQERGRLEQEYLPKAQVELAIRKWAR
T1123-D1,daaaaqpfwkkwwaqkfwfdqctfhqkwwafpdqfkwkfavvdtarfgtkifgdpifiagpvrhthpddlavradfqtamdgpnrgfwtfrfkfwdppddqkakiktkifgqdwaakdkgwtfmwafdadphwtkghtdghgtitmdhiaggggimmtmaitrdwddgvngtghhdgapnmdihdpvrdvrcpdsrddtspdmtihtghyprdd,SYPMTPSSLVLMAGYFSGPEIGKYMPLLFQQNTSKVTFRSGSHTIKIVSMVLVDRLMWLDKHFNQYTNEPDGVFGDVGNVFVDNDNVAKVITMSGSSAPANRGATLMLCRATKNIQTFNFAATVYIPAYKVVVLNVAQWEANKTLTYPAIPKDTYFMVVTMGGASFTIQRYVVYNEGIGDGLELPAFWGKYLSQLYGFSWSSPTYACVTWEPIY
T1124-D1,dldpaplvpqapddpvspvrsvvrvvvsvvcvvvvlvlllvclvlcnlvqqavdwadqqrscvvsvhdsvvsvvsqvvcvsvvlwdwdadpvgitihadpvssqadddphqqhlqlvsvlcvppqvvlvvclvvlvvvdlqppvrhhdffaqdpvsllsnlsncsnqapqvlvqvlvvcvvvdhalvdeaeeeqqqcqlvnnvlsvcvsrvryayedehadsrqvnnlvscvvsprnvryyydhddslvapraaahqehhqapnqqradlvsnlsnllsrlvhahqfhkykhkfleeapvldcpdqssvllnvvqssrssrrhggsaypvsvqvscvsnqkawddwtdgpriimtmigghddddpdddddvvvvvvvd,NVSLVDESLLVGVTDEDRAVRSAHQFYERLIGLWAPAVMEAAHELGVFAALAEAPADSGELARRLDCDARAMRVLLDALYAYDVIDRIHDTNGFRYLLSAEARECLLPGTLFSLVGKFMHDINVAWPAWRNLAEVVRHGARDTSGAESPNGIAQEDYESLVGGINFWAPPIVTTLSRKLRASGRSGDATASVLDVGCGTGLYSQLLLREFPRWTATGLDVERIATLANAQALRLGVEERFATRAGDFWRGGWGTGYDLVLFANIFHLQTPASAVRLMRHAAACLAPDGLVAVVDQIVDADREPKTPQDRFALLFAASMTNTGGGDAYTFQEYEEWFTAAGLQRIETLDTPMHRILLARRATEPSAVPEGQASENLYFQ
T1129s2-D1,dddpclpflwkwqffkdkfwfdcpqanpqwrktfadpvrlcclavvlqffkwkkfafpqgwiaifffkakakakakwwkdqqawkikikikmwmfmashqfkrkwffappadhgpllrcllilgwikmkmkikmftdgrtlgnqvrlqqfwdkpqpsdhadpvqhwfqaqvldhfrswrhsstgmmtigqkarwhwhwfhhaadqvdpfdkdkfnkdsktkgwaddpdngdmimmmmiiigrsvihiatppgtdpqdfqfdhgdidiggqptgttmmmmrgiqwghdvfatdrhrqsspvvrdldqstkekdqqdpphnpdqdqkdkhfffkwaqdqqqpffffwrffgqiahnsrrtdgtgtdgdridtgimiigrppywrldddkwkdwqfakdkfqawdkdfgdkgqadpqfdqakkkkkwwqqfplqqlfwwhssfrlvsqvddddrdidiggnyddhdtthmrigihgahaniwiwrykykykykhgqpdfdpsmamdqrfapddprsgiqikgkmwtwiwhnnnpsmiiimitmrmgrgsmtmggrsrimmmmtgtd,QTIFHSDMSHVIITETHSTGLRLDQGAGDYYWSEMPSRVTQLHNNDPNRVVLTEIEFSDGSRHMLSGMSMGVGAKAYGIINPQIMSQGGLKTQITASADLSLDVGYFNTGTSGTIPQKLRDGTGCQHMFGAFSGRRGFASSAMYLGGAALYKSAWSGYVVADAGTLTIPSDYVRHPGARNFGFNAIYVRGRSCNRVLYGMEGPNYTTGGAVQGASSSGALNFTYNPSNPESPKYSVGFARADPTNYAYWESMGDPNDSANGPIGIYSEHLGIYPSKITWYVTNLVYNGSGYNIDGGLFNGNDIKLSPREFIIKGVNVNNGNRADFRDVGCNLSKDSPSTGISGIATFGLPTTESNNAPSIKGGNVGGLHANVVSIYNFLPLRLLGGSGSTILSGNIVFQGNGSVHVGTVGLLNSSRNGAIVCTMEFIDDTWLSAGGIGCFNPTEMLSQGAEYGDSRFRIGGNTINKKLHQILSLPAGEYVPFFTIKGTVVNACKLQAAAYNPTPYWVSGLPGSVGQTGYYTLTYYMRNDGNNNISIWLDSSMSNIIGMKACLPNIKLIIQRLT
T1133-D1,dfwkkwfawqlfififddppcrhtdplddrvpthqwqekdaaqalqkiwtdnqqwiwiagspvrdtqdirrrqrfnywdaalvrqwiwgadaapphdqgtwiagsnprdtldghnqhdpvvsgwdaanvrqwtwdcppqkifidgpshhvdgpaiaddqgwddkdwfhddppikmwtwaqdddpdwikiwiagppqrddpvrtlemgtghgapdwdwahfnvrfkiwiwgyncwdiwikiigsnhdidtqddpaaihfldkayqnvsfwiwifaydpqtwifiagnvsdtpatppghqfrywdaqllrqwiwgfhdvvtqtwtfiarrvvgdtqdtagqgqfpdkdhaplsfkiktfhfppshfpqgwifiagssrdtsdigtadppmtihdmdishrddpprdpddpd,STPLLTVRGSEGLYMVNGPPHFTESTVFPRESGKNCKVCIFSKDGTLFAWGNGEKVNIISVTNKGLLHSFDLLKAVCLEFSPKNTVLATWQPYTTGIPNLQLYDVKTGTCLKSFIQKKMQNWCPSWSEDETLCARNVNNEVHFFENNNFNTIANKLHLQKINDFVLSPGPQPYKVAVYVPGSKGAPSFVRLYQYPNFAGPHAALANKSFFKADKVTMLWNKKATAVLVIASTYGEQTLHYIATNGESAVVQLPKNGPIYDVVWNSSSTEFCAVYGFMPAKATIFNLKCDPVFDFGTGPRNAAYYSPHGHILVLAGFGNLRGQMEVWDVKNYKLISKPVASDSTYFAWCPDGEHILTATCAPRLRVNNGYKIWHYTGSILHKYDVPSNAELWQVSWQPFLDGIFPAKTIT
T1137s1-D1,dvvvvvvcvvvvvvvvvvvcvvvcvpadwakakekeadcddlndwqafaaavhhgfwtwhdwdwdqdpnhtiiitittghcvcqqvaalpwawafadddpphgthidthadpdghpdtdhrprdyyhpdydddpvrvvvvvvvvvvvpdd,KLAGLILGLVGVLVLALTWMQFRGQFEDKVQLTVLSGRAGLSMDPGSKVTFNGVPIGRLASIDVVEVDDNPEARLTLDVDPKYLDLIPENANVELRATTVFGNKYISFLSPKNPSAERLSASTPIRAQGVTTEFNTLFETITAISEQVDP
T1137s1-D2,dvvvvvvvvvcvvpvphdppvvvvvvvvvvvcvvvvvcvvvvvvvvvvvvvvvvvcvvcvvvvvvvvvvvvvvvvvcvvcvvvvvvvvvcvvvvcvvvcvvcvvcvvvvvvcvvvccvccvpvnvdpqapvqvvvlcvvcvvvvvcqcpvvppdgdddddddddaedadppqqdfdpqfdaddprhhhdddhadpvnpdddatatdtshdcpqvpdddayqfnafddvvtdtdgdhdphd,IKLNETLTAAAQALDGLGDKFGRSIVDGNAILADVNPRMPQIRRDITGLANLGEVYADASPDLFDGLDNAVTTARTLNEQRGNLDQALVAAVGFGNTGGDIFERGGPYLVRGAQDLLPTSALLDEYSPALFCTIRNYHDAAPKLAGALGGNGYSLLTNSLVVGVGNPYVYPDNLPRVNAKGGPEGRPGCWQPITRDLWPFPYLVMDTGASIAPYNHFELGQPMFAEYVWGRQVGENTINP
T1137s2-D1,dvcvvvvvvvcvvvvvvvvvvvvvvcvvqlpddadwfkekekaqelqqpdffafaaevnhtfwgwhdkaappnnsmimtiiiggpvdfaapqkakekedpdpvrgihiyidrgdgphtqdthhyhdhvrydyydpvvvvvvvcvvvvvd,MSIKGTLFKLGIFSLVLLTFTALIFVVFGQIRFNRTTEYSAIFKNVSGLRDGQFVRAAGVEVGKVKSVDLINGGEQAEVKFTVERSLPLFQETTAAIRYQDLIGNRYLELKRGDSDQILPPGSTIPVERTEPALDLDALVGGFRPLFRS
T1137s2-D2,ddpvvvvvvvvvccvppppccvvvvvvcvvcvvvvvvvvvcvvvvvvcvvvvvvvvvvcvvcvvvnvvvvvvvcvvcvvcvvcvvvnvvvvvvvvvvvvvvvvccvpcvvvvvvvvvvvcvvcvvcvvcvvvvvvcvvcvvvvvvvvvvqqdpvdpdgddddawdkdwaaddpnpddtdigtpdhhddppdhdd,LEPEKVNTIATSLITIFQGQGGTINDILDQTAQLTASLADRDQAIGEVIKNLNTVLDTTVRHQKQFDETLVNFETLITGLKNRADPIATSVADISDAAGSLADLLSDNRPLLKDTIGYLDVIQAPLVEQKQEVSDILVQMPQALKIIGRAGGIYGDFFNFYACDLTLKLNGLQPGGPVRTVRITTQPSGRCTPK
T1137s3-D1,dvvpdppcppvvcvvvvvvvvvvvvcvvcvqpdcvvhpffkekewaqdcqlpdffafaeeprhgqwgwhdwdddprtiitimgrnhdwaaplkakeweqddpvggihiyiggdddhtqdgpdyhdhvryydycdpvnvvcccvvvvvvd,MRTLQGSDRFRKGLMGVIVVALIIGVGSTLTSVPMLFAVPTYYGQFADTGGLNIGDKVRIAGMDVGNVKSMEIDGDKVVIGYTLGGRTIGTESRAAIRTDTILGRKNIEIEPRGSETLKPRGVLPVGQTSAPYQIYDAFLDVTRNAAGW
T1137s3-D2,dvvvvvvvvvvvvvccvvcvvvvpvvcvvvvvvccvqvvcpvvnvvcvvvcvvvvcvcvvcvvvvvcvvvvvvvvvcvqcvcvvvnvcvvvvvvvvvvvvccvvvvcpcvvvvvvvvvvvvvvcvvcvvvvvvcvvvvvvcvcvlvvqcppdpdgddddpppdd,DTQAVRQSLNVLSETVDQTSPHLSAALDGVARFSETIGKRDEDVKKLLASANKVATVLGDRSTQVNQLLVNAQTLLAAVNERGRSVSLLLERVSSVSRQVEGFVDENPNLNHVLEQLRTVSDVLNERKQDLADILTVAGKFITSLAEALASGPYFKVMLVNLIP
T1137s4-D1,dfkfkekakeqdqpladwqffaaevrhgfwgwhdwdpdpsiiitiiigtpvdwaaclwafawddpddddgiygytpdhdddddthghpyhhdhvryyddcddvnvvvvccvvvvpd,LTNTTVTAYFPEVLALYPGDKVLIMGVRVGSIDSIETAGDKMKVVFHFNNKYKVPENATASILNPSLVASRVIQLSPPYTGGPTLRDGAVLDVDRTQVPIEYDEVRNQVTRLLADL
T1137s4-D2,dadpvrrldpvrvvcvvvcvvcppcvvvvvvvvvvvcvvvvvcvvcvvvvvvvvvvvcvvcvvcvvcpvvvvvvvvvvvvvvvvqpvdddgvpcvvvvvvvvvvvvvvccvvppvvvvvvvvvcvvvcvvccppvnvvvvvccvvpvvvvvvvqvvqafpvvgdgddddqqvpddhqaqdlqrvlvvvlvvpdpcnpprsvvssvvcvvccvvvhhrhdpdddddddddrddpvd,GPTPEQPKGPFGDIIESFADGFAGKGEQLNRTLRGLSDALTALNEGRGDFFAVVKSLALFVNALHRSDQQFVALNNDLAQFTNSFTNTDQELANALQDLNRVLKTTREFLDRNGGVLTHDIDNLEQVTTAILQPEPRDGLETGLHAYPNLAANVLNINSPNQGGIIGLPVLPGVTNFSNPLQFVCSSIQAGSRLGYQESAELCAQYLAPIMDAIKFNYLPFGMNLASTAMTLPKQ
T1137s4-D3,ddapdpqqdaddqwdadpdtfkifgddpprpplpaaataggwpqedddddpsccrradpqrnccrhdddthddd,IAYSEKRLQPPPGYKDTTVPGIWSRDTLFSHGNHEPGWIVAPGMQGVQVQPATANMLTPESLAELLGGPDIVPP
T1137s5-D1,dvvdddpqadadaddalrddqwakekewaqdcvpatfqafaaevhhrfwtwhhfdadpnttiiiiighhpdwaaplwakekddpdppddihiygyadpdgdphtaghyryqdpvrhyydqdpvrvvvvvvccvpvvd,CGQWRGIANVPLPGGPGTESGSMTLYVQMPETLALNANSRVRVRDVFVGRVRKIELINWVPTLTVDVEPGIKLPKNTLAKIGQTSLLGSQHVELNPPEDPSSELLRDGDTIPLAQSSAYPTIERTLAGISGILTGGG
T1137s5-D2,dvcvvvvvvvvcvvcvpcvvvvvvvvvvvvvvvvvvvvcvvvvvvvvvvcvvvcvvcvvcvvvvvvcvvpvvvvvvvcvvcvvvvvvvvvvvvvvvvvvvvvcvvcpvvvvvccvvcvvvvvvcvvcvvvvvvcvqdvvppvdgppcccpqqvpddgnddddddpdllcclvvpvpphpcscvsvvvnvvddddpvngddrpvpdadqcphdphhnddddd,IPNIEVIQTEVFNILNGRADQIREFLNQLDTFTDELNQQREEITRAIDSTNRLLNIVSQRNDTLDRVLTEFPPLIQHFAETRDLFADAVTALGRLSAAADETLSGSNANLHTNLQNLQRPLKQLGRAAPYLVGALKLILTVPFNIDNIPKAIRGDYINVSLKLDLTLSSVDNAFLSGTGVSGMLRALEQAWGRDPATMIPDVRFTPNPHDAPGGPLVERGE
T1137s6-D1,ddppcvvvvvvvvvvvvvvvvvvcccpvpvnvcqvvqpqkfkekedeqecqppdfqafeeevnhgfwgwhdwaaddnyiitmiiggnvdwaapqwewewdaddpvgrihiyihdpprdddtadgpgyhhhydhdddvvvvvvvvcvvvvvd,MLLTRFIKMQLVIFLTLTLVALVVLALFYLRLPTWAGLGMYKLNADLPNSGGLYATANVTYRGTTIGKVTSVEPSESGARVEMNIYDRYKIPADATANVHSVSAVGEQFIDLTSDSGGGAYFQPGDTITKATVPAEVGPALDAAEKGLAVL
T1137s6-D2,dvvvvvvvvvvccvvpvpcvvvvvcvvvvvvvvvvvcvvcvvvvcccvvpvcvvvvvvvvcppvvvvvvvvcvvvvvvcvvcvvvnvvcvvvvvcvvvvvvvvcvvcvvpvvvvvvvvvvvvvvcvlcvvvvvvvvvvvvvvvvvcvvqcppppdgddddddddcpaddqcaqaadpvrdddpvdpdddddddrgwrqadpddphqvvtlqacdqsndhpaghndnvrspddddrdgsdhadppdpgd,PKEKIGTLLDEAATAFGGLGPSLQRLVDSTQAIAGDFRANIDPVNDIIENSGPIIDSQVNSGDAIQRWAANLNTLAAQSAQNDEALRSGLQQAAPTADQLNAVFSDVRESLPQTLANLEIVIDMLKRYNKNVEQVLVALPQGAAVAQTGTIFAPEGLLHFGLGINAPPPCLTGFLPASQWRSPADTRTEPLPSGLYCKIPKDAPNAVRGARNYPCADVPGKRAATPRECRSDEPYQPLGTNPWYGDPD
T1137s7-D1,dawkkwkfffwaappprtlatgagaifdglffeeeaeddsscqlvvlccqlpndatptifmaipnrtcrpddpvrsvvvnlqefeqelqlpfdqvafllrsllvcvvvpddddpvrsvvllqvlcvllpnnpprrgglvgadrlrrssssvssrpsslhndyraraqcrpadvvrsvvsllsqlqcslarsrrhyhthndqscqqargqkywygfdsytpdiggplllcldpdqrsvcsnvvhddgqddpdpvdgnhyhndhddpthdrpnnvvslvvlvvvlvvadpssnvsscvvsvd,MGVQIDVTGLSKSFGSSKIWEDVTMSIPAGEVSVLLGPSGTGKSVFLKSLIGLLRPERGSIVIDGTDILQCSAKELYEIRTLFGVLFQDGALFGSMNIYDNTAFPLREHTKKSESEIRKIVMEKLDLVGMPNDGHKFPGEISGGMRKRAGLARALVLDPEIILCDEPDSGLDPVRTAYLSQLLIDINAQIDATVLIVTHNINIARTVPDNMGMLFRKQLVMFGPREVLLTSEEPVVKQFLNGRRIGPIGMSEEKDVPPQLQATPGMPERKAVARRKARVREILHTLPPAAQAAILEELDR
T1137s8-D1,dvvvvvlvvllvvlvvvlvclqpppdddppllvvllvvlcvfqpcvllvqllvqllvvlvvlqvvcvvvpnnllslqvslvclqapsllvsllvrllvtsllvlllvllvcvqvcvlvvcvvvphdcsnnplnsqlssllvnllvssvvssvsssvsslvsccvpvvgdncsnvvnscvwaddlsnvlssvssnvssnlssslsnslsnpfdddpcrsvvssvcssvcsvvvsvvvsvvssvvsvvvtpvd,LEKPLATVGGFFKMSVMTGKALFTRPFQWKEFVLQSWFLIRVAFLPTLAVSIPLTVLIIFTLNILLAEFGAADVSGAGAALGAVTQLGPLVTVLVVAGAGSTAICADLGARTVREEIDALEVLGIDPIERLVVPRVVASTFVAFMLNGAVITIGLVGGFFFGVYIQNVSAGAYVSTLTLLTGFPEVLISVVKATLFGMIAGLVGCYRGLTVAGGSKGVGTAVNETLVLCVVALFAVNVVLTTIGVRFGTGR
T1137s9-D1,dvvvvvvvvvlvvllvllvvllvvcvpvpvvvlvvllcclqqhdppcnvcralpnqllvqllvlllvqlvvqqvvcvvvpnnlcsllrsqccclldsllqssllsslvrrllvlllvlqvcvqvcvlvvcvvvphdssssrsssllssllsnqlvssvsssvsssvsnlcnncpvvvddscssvvsnvvnhdvvsvvlssvlssvlssqssslsnslrnpfddppvssvvssvvssvvssvssvvssvvsscvpcvppvvgdddd,PARFLDSMGHVAWFVVQAIVHVPHAFRHYRRESLRLVAEIGMGTGAMAVIGGTVAIIGFVTLSAGSLIAIQGFASLGNIGVEAFTGFFAALANIRVVAPVVTGQALAATVGAGATAELGAMRISEEVDALEVMGIKSISYLVSTRIMAGAIVIIPLYAMAILLSFMSAQLVTTIFYSQSVGTYEHYFHTFLRVDDVMWSFLEVIIMSVIVMLNHCYFGYFASGGAVGVGEAVGRSMRTSLIAIVLVVLLASLALYGTDPNFNLTV
T1139-D1,davqlvvcllpavlvvnvcvlvppddhpladqdvfgagsllscllvqrvssnvssvvsphdqatatdqgagsllsnllslhavsnvsslvslnqfatagvqgatsllsnllvlplrsnlrrvlswywqagatpvgatslnsnvvnprvssncssvlslvqlvvqvvvaccvvcvclkpfdffffrktkafllndqkdkdkgagaddddqddqkakkkfkwkwdrdgpdigtdqddddwwdwkakpndtwaapddvgrgmtgddddgtmimimtgthrdnpdnimiiitmgmigrd,PSNVLRDAVKNGDYITVKVALNSNEEYNLDQEDSSGMTLVMLAAAGGQDDLLHLLIHKGAKVNGRQKNGTTALIHAAEKNFLTTVAILLEAGAFVNVQQSNGETALMKACKRGNSDIVRLVIECGADCNILSKHQNSALHFAKQSNNVLVYDLLKNHLETLSRVAEETIKDYFEARLALLEPVFPIACHRLCEGPDFSTDFNYKPPQNIPEGSGILLFIFHANFLGKEVIARLCGPCSVQAVVLNDKFQLPVFLDSHFVYSFSPVAGPNKLFIRLTEAPSAKVKLLIGAYRVQLQ
T1145-D1,dwwkekedcpqvvqpwkakfkadldtqdppvhdtfcqdpvritmdtgdqssawifikiwnraddpgdtgipppdtgdiigtffywyqdpvrdtggdptd,SGSEAYFDNSKYGWKDVYVYAYGTKENAEWPGELMTKEDSGLYKASFASSFKSEKIIFNNGLEKGNGKEQYPEAAGLSLKAGECKMLTAEKQWIDYGKP
T1145-D2,dqwkdkdwpddfpffdadqwdkifiamgqaakkwkakqrfdthiaggggtdgfnfqhfafdkmkmkmwtahpvrdididigiyhghdffffkakdfplqqfddaqadgqwdacgvvqqadeadadqeadcprddpsqwlfadafcpwlqqlfqfrlldqdfgwgtkgwydyfwwtkiktkffqlscqqpvvspcsndcvsaqlvdwakkkkfkaqpsnaaafqkaweadpvgdididhhpcachdpqnfaaaatesggtfwiqiairnladqagwiwgqpdadpvrhthtypppthgqgdpgsvpshtppwkgkdkdffdndpwrkhardhgsrddaclsvpsrgridgcnnrdddgrrmmmmmiigtqvssphgpcccqpvwmfikiftaprhhttamgngapqnhvfsnpappvgrsggvrnhyygygnhhgrihndddprmdmrqrakekgkgwpgdanhdaqdkikiamdidsadpdkckfkakqrhtarrmgidghhdfdkikikmwiagpvrriymditihgd,DDHAYGYTLTANNTAFSTESLDVKLALKNADKGYYSVDGSAKKEFANGDSVKVGEGKIGNSKVTLTLYATGADGVETEQTYTFKKTFTASKTTFSAKSDGHTTAPESGYYGTNPEMQLGKHKTISVDGDLSDWDSSMIIAQGVANDDPRVYMPSSMHEQPWDAYALYSAWDDDNLYFLLEMANTTYITSPEDNFAASNEARPWRNSIPMYLALSIDPAKQATGKAVGTNKDGSVYTNPFVWGCTNGTAKDGGTGFTTHIDTLVAFDSNNSNGGASIFKADTQDTDGTYMFNYDTRIPIGVTSFQAQDNKNGFKIKYANGTKSTSIFGINAPKGSRVMGDNLDMNSNWVDFFDEGYKNSYGYVYEIAVPLNTLGIDRSYIETQGIGAMQILTYGTSGMDTLPHDPSMLDQANLEYSYDPSTSHEKEDIDNITVPLARIGALLPDTEVNEAPFEVNFGANLNSGQSAGTPITLLAESYHATGDVTYSFTVNGETVTDSCVWTPSADGTYSIGVVAVDANGNKAESTKTFVV
T1150-D1,dvvvlvvllqvlqvlqapfdpvlvvvlvvqlvvallsvllqpllvclqqvcplqvvqqpafkffaqssaalqqkawaqfpvrfififghdrlqtdigrlsnnllshllsqlsccvvvlfpddsllllllllllllvllvvlhdtgtqdppcvqvvvqrvdplldqvnqvvvvvvadappddddplqvclqqvlppddpfdwgkgfdrdgshqrrwtkmkiwtdddhdiwmkmktfrdahsncvsvvhrppgdgcrvvlqvlfqyshrprwddrvritmgidgsrrhtdgsvstdpdhdssvssnvnsnsssssrssgpcsnvrnnvvsvvqdsvnssvssvsvnvvsvd,RIQRATRLYNEWMALYTVPVESDLQLKYKAMASSAFPFLRATFYRWMQRWPKVCAEFANAPTVLGVGDLHVENFGTWRDAEGRLVWGINDFDEAAHFPYTLDIIRLATSAILAIEENHLHLSADVACTAILEGYLESLAKGGRPYVLAEEHGWLRHLTTGELRNPEKFFHKMDALPEPEGPIPESAQVALEHLLPAKGLSYKLKRRIAGLGSLGRPRYAAIAEWEGGLVVREAKALLPSAAIWAAGLERAPEIYYQALLDRAVRCRDPFVRLEGHWIVRRLAPDCSRIELSQLPQERDEQRLLHAMGFETANVHLGSPNCIADVLPHVKRLKASQLRSAANAMVEATLD
T1157s1-D1,dvlvvllvlllvqlcqfvvlccvqaqqawfaqfqvrhgqhadppaqacpvrqaqtwrlrlqllllllllllqlqddpvddcrnvvsvvvsqvsvvvscqaqflldddprqahppgrqqqgqgkyfllnqlqrnllslllnqcsllcvapghpdnfadppdfslqgdwtddpvrdidgqsslssslsslvlsllqqqapqlqgagmdtsaapcpppragpvgddppcpvnsrghpspfkafllsqaqqqqsqcqscqspvppqsnqsnlssnvsslvlaeplgfgdtmaggrvsdhddfkgdlfhrcpsslvcllqvllqqppdadgpnvrddpvcvvphvsrscvvddgadplsghsvnsvvsslsnvvsqcvqqwdqqfftegfmatrypshgdfakdfqrnllvllsclvqavlvsslrhnllqllccllllarfgmaglpvlggdpqrgwhaldqsnlqsllsnclsavfcvsvlslslvscsqppqadgpshgfiaggsvvsdthrtddslnsnhrssssssssdpprvnsvddaswgqrpsrsihhnddrpdpppdppdnpdpddfddpcchcvngvdhddhddddpplrgpslqdqsncssvvsnppvqcvradaaanhadpvghdddhdpdddpppsddpsnrdpvhdhdptdd,DRVRALRRETVEMFYYGFDNYMKVAFPEDELRPVSCTPLTRDLKNPRNFELNDVLGNYSLTLIDSLSTLAILASAPAEDSGTGPKALRDFQDGVAALVEQYGDGRPGPSGVGRRARGFDLDSKVQVFETVIRGVGGLLSAHLFAIGALPITGYQPLRQEDDLFNPPPIPWPNGFTYDGQLLRLALDLAQRLLPAFYTKTGLPYPRVNLRHGIPFYVNSPLHEDPPAKGTTEGPPEITETCSAGAGSLVLEFTVLSRLTGDPRFEQAAKRAFWAVWYRKSQIGLIGAGVDAEQGHWIGTYSVIGAGADSFFEYALKSHILLSGHALPNQTHPSPLHKDVNWMDPNTLFEPLSDAENSAESFLEAWHHAHAAIKRHLYSEREHPHYDNVNLWTGSLVSHWVDSLGAYYSGLLVLAGEVDEAIETNLLYAAIWTRYAALPERWSLREKTVEGGLGWWPLRPEFIESTYHLYRATKDPWYLYVGEMVLRDITRRCWTPCGWAGLQNVLSGEKSDRMESFFLGETTKYMYLLFDDDHPLNKLDASFVFTTEGHPLILPKPKSARRSRNSPRSSQKALTVYQGEGFTNSCPPRPSITPLSGSVIAARDDIYHPARMVDLHLLTTSKHALDGGQMSGQHMAKSNYTLYPWTLPPELLPSNGTCAKVYQ
T1157s1-D2,ddkdwwfaaafwdwapwffaccplpcsvdgldpdtddipgdtgtgqgfmwdfdpppataihtaagprhgadprtagaaeqvrcppppdlqwhwdpvsiatagnnhghhgghyhd,PHEVTLEFASNTQQVLGGSAFNFMLSGQNLERLSTDRIRVLSLSGLKITLQLVEEGEREWRVTKLNGIPLGRDEYVVINRAILGDVSDPRFNLVRDRYYIESSGVKVKNIIVDD
T1157s1-D3,dfwwkkddfaafaddaffffadapqdfddppdptrddcqsndtdgpvvrvvlcvqlvdaffaqfddfftnghdgwdayiftkadfadafdadahhgdddcvvpvpatspddgdcprfqafaaafdqeaprplqafqqqspghaeeyedpgddqlnnqlsyadhdddsgghahyyyedgrppqpppgdddddwdhwanhnvpdgdpdtygymyhynpssvrrsrntttgmgihd,PVIAKLQQLHQVNLLDDTTTEEHPDNLDTSDSEVPDPANLSALLPDLSSFVKSLFARLSNLTSPSPDPSSNLPLNVVINQTAILPTGIGAAPLPPAASNSPSGAPIPVFGPVPESLFPWKTIYAAGEACAGPLPDSAPRENQVILIRRGGCSFSDKLANIPAFTPSEESLQLVVVVSDDEHEGQSGLVRPLLDEIQHTPGGMPRRHPIAMVMVGGGETVYQQLSVASAIGIQR
T1157s2-D1,dqaaeaapvrpqvvlvvdqkekeweaepvdvvlvvlvvqlvvlcvvcvvvryhhyyyhcvvrvvvsvvvvppdhgwiwmgrhvppigtdpwdrgscgvnvvvvvvd,SDVIQLKKDTFDDFIKSNDLVLAEFFAPWCGHCKALAPEYEEAATNLKDKNIKLVKVDCTEETELCQEHGVEGYPTLKVFRGLDNVTPYKGQRKAAAITSYMIKQS
T1157s2-D2,dpqdadaddvcpvvqlvvdqkakefaaapprvvlvvllsvlcvvcvvphhghyyndqvscvvvvhgpgkmwmagpddpridighddrdpvssvvccvvsdqdlededdpvnvcvqlvvqakekewaaaddvrlvvlsvqcvvvsvvcpphhrhygdhlvvclvccvvlvhdspapgwiwmfgnnvgfigtddnvdddgnvsvncsvvvvvvpdddtd,LPAVSDVTKDTLEEFKKADKVVLVAYVDASDKASAEVFKKVAEKLRDNYPFGSSSDAELAEAEGVKAPAIVLYKDFDEGKAVFTEKFDEEAIQKWAKVAATPLIGEIGPETYGEYMAAGIPLAYIFAETPEERKELSEKLKPIAEATRGKINFGTIDAKAYGAHAGNLNLKTDKFPAFAIQETTKNQKFPYDQDKEITHDSIKQFVDDYLAGKIEPS
T1157s2-D3,dqkddddpdqdalageaiqvrpcvpqvvlqakhkekaaapvdvvrvvlvvllsvlsvlcspdpcvrhyhhyyyhnprgddpdddpdpgwiwiqarncnvpigtddddshnvrvlvcslvphpsndhrpdpcvvvppvvvpd,IKSEPIPEKQEGPVTVVVAKTYNDIVLDDTKDVLIEFYAPWCGHCKALAPKYEELGRLYSNSEFKDRVVIAKIDATANDVPDDIMGFPTIKMYPAGAKDKPVTYSGNRSVEDMIKFVAENGKYKALISENEEENATAASSS
T1170-D1,dlqqqelvrdfdpcvqsvvlvvqlvvcvvvvhagfaaefedddqqqqvsvlnhscnsnvadeaddeqvrqddqvslvvsqvpddarhehayeqvlnhdpnnlvqvlcclppqwgwdwqdpvvdidididhghhyyhhyghhdcvsddpsnnvsgphygdgdfadlvrqlvlqvvlcvvvvaaadsllssqlsqqqrrhsvssnvssvqlqvqcvpphdrhrdpvssvvscvvvpqdsnrd,TLRPQYFKEYIGQDKVKDQLKIFIEAAKLRDEALDHTLLFGPPGLGKTTMAFVIANEMGVNLKQTSGPAIEKAGDLVAILNDLEPGDILFIDEIHRMPMAVEEVLYSAMEDYYIDIMIGAGETSRSVHLDLPPFTLVGATTRAGMLSNPLRARFGINGHMEYYELPDLTEIVERTSEIFEMTITPEAALELARRSRGTPRIANRLLKRVRDYAQIMGDGVIDDKIADQALTMLDVDHEGL
T1170-D2,dvllllllcqccppavfddddlvrscvssvhdsvccvpprvvvcpvvqqwaadprhiggdpvscvvnphddd,DYVDQKILRTMIEMYGGGPVGLGTLSVNIAEERETVEDMYEPYLIQKGFIMRTRTGRVATAKAYEHMGYDYT
T1180-D1,dqafaeaeqldadlccrlvvllvvlpdpgqyyeyaclsynddlvcvlvslqsslvsnppgaaaydlqdpvapgdpssvrydqlvsqlvqlvslrhqeyeaacvvdvpsllvslvvsvprsyfaeheehaqpdqdalvrllvqqvscvvsngqayyyeyeapdlvslvrqlqsllvscvvcvphayatwyfapstlvrqlqsvlsghnhhyaydpddpghnhhhsvrsvvssvqqqlaaaaqadeeddllcsvlllvllcvvvvfageelqvnlcvvvvhdlvrccvpvrdvssvvsslvclsvllvddhhrhhddhcqlvdpsslssrvrhhahaaeadppspvvvcvvcvvssvsshpfyfycpphdsnrrsvcsvvrrd,MRPKICVPIVAPLRDGIIRETKQIAKLPVEMVEWRIDFFAGYGREILDVITELKRVLNEKELLVTIRTVAEGGEENGSRFDYFETIRKILEQQTADYVDVEAARDEEEVKALCQKYSNSKTKVIGSYHDFSKTPSADEIKERLCKAKECGCYAGKLACMPKTREDVDTLLNATAAMKEEFPDFPLITMSMGELGKVSRLYGGLYGSFVSFGCVSEASAPGQVYYETMCEVFDKIYKGNRHIILIGFMGVGKSTISHELSRLASRIEIDTDQWIEEKEGRAISDIFAKEGETYFRDLETSMIDELGMIKPAIISCGGGMALRELNVRKLQAIGTVVLLTAKPEIRQMMEKRRVYYEHAATVTVSTDGKIITEIAKEILEKCF
T1187-D1,dwdwffqvrwdwpcqppcvfwnwdqdpprgikiwgakdlktktkdkdqllpddaqfkkwkkwwkdfapdwfqfqkwwfakdqplgapdphprptdiaggphddddppgdhwywdadpvriiittrdmdtrhgspstmmmmiiidgrnptmtrtmmtggmdmgtd,QGQWIAARDLSITWVDNPQYWTWKTVDPNIEVAELRRVAWLDIYGKIETKNLIRKTSYAVYLVFKLTDNPRELERATASLRFVNEVAEGAGIEGTTVFISKKKKLPGELGRFPHLRSDGWLEIKLGEFFNNLGEDGEVEMRLMEINDKTWKSGIIVKGFDIRPN
T1188-D1,dafaafaaelcccdpllprhflvqfplllgqeyeypawaaalqlhiddpdlqsaafaqrpedlrdghrrldhdlnsqvlscqvhqlyaaehhyapqqrlqnllnqlvdpvsllsnlvnvllqcvlslgaeyeyenvaaqdafdfdcqqavrrnthnnhdqcrqvsvlvslqsnlvsqvvscvvqvhdhfyeyeaeqdpvrcvrhnqlqsnlvrgrayaypqfclawfvdqwaaagrfqadqpladdsnvcshqpsslvvsvvshhdqqraatedeqkkwkffaaafppsdvlfgrhrggadqpdafqvrhtiraaaecddqdgnprrgrtpiafnqgvvvscvvvpqwdwdadpsrlfiktarnvrriimhhadlrsllvnlvvcvvrnhhfyhyphrsrahddpdsrrpnssvsrscsnpnddgrdgddrgddafpkakdwdwdadpddffgkikmkiwqqfdqdaddpssrsssfssswffqkkkwwafapkdqpfwdppwatwdddvrtiittlcnhsnrgtathghmdiimttmrhgdddcqgtawmwmwhasgnpgdthnigthdgdd,KLRNVMYYGDWSIWGGQGNFYPKDIPADKLTHLNFAFMDFNSSGELIYCDKDAAIGHPLGNLGVTYGDVNGGILNAFQVLKSENPNLKIGVSLGGWSKSGDFSTIAATPSIRAKFVENVMKFIKYTNMDFVDIDWEYPGDYREPDKTDNINDEGTPNASAGDKENYILLLQDLKEALNKQGKELGKVYELSVALPAGVSKIEKGIDVDKLFNIVDFANIMTYDMAGAWSTTSGHQTALYTNPNAPEEYKGLSVDESVKYYISQGAEREKIVVGAAYYTRGWEQVSDKGTDPNNPGLFGEAAVVNKDADLSPTPGALNEAPMKNGEGGRAGGVWGYNALDKLKSKYTGLKEYWDDSAKAPYLYNSETGAFFTYDNIRSIQEKAKYVKENNLGGIIGWMASQDATTNSTKRDELTTATKESLFGKEDLPKYEIKYTENDITCTVTPVKQSWGSGGVLKMSITNNEKLDESGEVLSTVETSAKTVKNMKVYIKTDGIAITGSQYPAGPVTKEGDYYVIDFGKISDGKLMKAGITFTFDLNLDKAIEDTNNIISIEVSQRMYQTSPEFNRQTIWENT
T1194-D1,dkkfkdwdfqpddtgigdwdadplktwasqkgkwkdalvdfktkikmkmkakdfapaqkkkwkfakkkkkkkkfaddfkkkkkkkwkawdpgdtdidmdmwtahhhitmdididtdggihdmadgsgmtmmmmmmmmmmggndimmmimdtmminmdmgrd,GFVETAGNACEWTPGRYELSETEGRVRIPNGLYVKKEETSKIARGSCTFALTLKAPAGKKIVVRDSQQLISLRAYPQQTRVKAEVEIFKAGSQGAKQTLEIVAAEKAEKTTQYVGQKDVLLETACGGSDILRGNLSATIIGEGKGRAFAKNVTLDIQEVDC
